contig_id	contig_length	viral_length	aai_expected_length	aai_completeness	aai_confidence	aai_error	aai_num_hits	aai_top_hit	aai_id	aai_af	hmm_completeness_lower	hmm_completeness_upper	hmm_num_hits	kmer_freq
NODE_1_length_48799_cov_5.520556	48799	NA	54031.21551069076	90.31630981972727	medium	6.32612307739211	3	CheckV-027484	46.37	35.85	63.14106945679409	97.01723030883738	25	1.0
NODE_10_length_21507_cov_3.191404	21507	NA	235500.7892753732	9.13245346912688	low	21.1704738531244	10	CheckV-046511	22.9	15.29	NA	NA	0	1.0
NODE_48_length_11540_cov_2.652503	11540	NA	59870.0	19.275096041423083	high	1.38909136347544	1	CheckV-048306	99.97	93.36	NA	NA	0	1.0
NODE_60_length_10226_cov_5.480877	10226	NA	20637.0	49.55177593642487	medium	7.52355836258882	1	CheckV-016146	52.16	41.59	21.05	82.02	1	1.01
NODE_164_length_6684_cov_2.145572	6684	NA	45404.44107918856	14.72102693289987	low	25.7423874966316	31	CheckV-056869	34.3	12.88	NA	NA	0	1.0
NODE_230_length_5704_cov_5.573199	5704	NA	126505.0	4.508912691197977	low	18.451911776551	1	CheckV-052205	52.1	15.83	NA	NA	0	1.0
NODE_242_length_5524_cov_2.650393	5524	NA	6086.48884267631	90.75840181070674	low	11.1328258931633	16	CheckV-064501	49.9	24.86	NA	NA	0	1.05
